-- phpMyAdmin SQL Dump
-- version 5.1.1
-- https://www.phpmyadmin.net/
--
-- Host: 127.0.0.1
-- Waktu pembuatan: 29 Jun 2024 pada 07.52
-- Versi server: 10.4.22-MariaDB
-- Versi PHP: 7.3.33

SET SQL_MODE = "NO_AUTO_VALUE_ON_ZERO";
START TRANSACTION;
SET time_zone = "+00:00";


/*!40101 SET @OLD_CHARACTER_SET_CLIENT=@@CHARACTER_SET_CLIENT */;
/*!40101 SET @OLD_CHARACTER_SET_RESULTS=@@CHARACTER_SET_RESULTS */;
/*!40101 SET @OLD_COLLATION_CONNECTION=@@COLLATION_CONNECTION */;
/*!40101 SET NAMES utf8mb4 */;

--
-- Database: `kelapa`
--

-- --------------------------------------------------------

--
-- Struktur dari tabel `ci_sessions`
--

CREATE TABLE `ci_sessions` (
  `id` varchar(128) NOT NULL,
  `ip_address` varchar(45) NOT NULL,
  `timestamp` int(10) UNSIGNED NOT NULL DEFAULT 0,
  `data` blob NOT NULL
) ENGINE=InnoDB DEFAULT CHARSET=utf8mb4;

--
-- Dumping data untuk tabel `ci_sessions`
--

INSERT INTO `ci_sessions` (`id`, `ip_address`, `timestamp`, `data`) VALUES
('lle0655tp9ie0jo9et0n1ah8tcv3h6ks', '::1', 1717943724, 0x5f5f63695f6c6173745f726567656e65726174657c693a313731373934333732343b7265646972656374696f6e7c4e3b6c6f67696e5f666c6173687c733a31353a2250617373776f72642073616c616821223b5f5f63695f766172737c613a323a7b733a31313a226c6f67696e5f666c617368223b733a333a226f6c64223b733a31323a226f6c645f757365726e616d65223b733a333a226f6c64223b7d6f6c645f757365726e616d657c733a353a2261646d696e223b),
('kn3osqvlc97cunhtvor4r2iqgv2v09dj', '::1', 1717944096, 0x5f5f63695f6c6173745f726567656e65726174657c693a313731373934343039363b7265646972656374696f6e7c4e3b),
('ubs4dqsrksk2nnl7pjhsud7g6n4lg16f', '::1', 1717944547, 0x5f5f63695f6c6173745f726567656e65726174657c693a313731373934343534373b7265646972656374696f6e7c4e3b5f5f4143544956455f53455353494f4e5f444154417c733a3235363a226337623632373532306534636432666633316130636330396638326365393532353033353337363466353962336264626131353532333563303430623539376363633733356261623662613863656666633262373763346435303964346235663561663431363661396638363139653134346134383162356565306661383464594a6e435137306c4352736f59576b496d372b63414c7a467a67674b6944335a632f37314b557263754a31666563564d69344f7731537a4b622b682b4d4f6c723967686e354b6f594e4151524f5969466e76346d7665316c6a51717655527577444772425250442f6956534b616d4d576b2f62745258575a726746466c4a3347223b),
('gkq6sis8q8a76du3dggqe1l1r2lrccka', '::1', 1717944888, 0x5f5f63695f6c6173745f726567656e65726174657c693a313731373934343838383b7265646972656374696f6e7c4e3b5f5f4143544956455f53455353494f4e5f444154417c733a3235363a226337623632373532306534636432666633316130636330396638326365393532353033353337363466353962336264626131353532333563303430623539376363633733356261623662613863656666633262373763346435303964346235663561663431363661396638363139653134346134383162356565306661383464594a6e435137306c4352736f59576b496d372b63414c7a467a67674b6944335a632f37314b557263754a31666563564d69344f7731537a4b622b682b4d4f6c723967686e354b6f594e4151524f5969466e76346d7665316c6a51717655527577444772425250442f6956534b616d4d576b2f62745258575a726746466c4a3347223b),
('e2c36n5ujhl8n2qknv2nt4kac9i1ubqu', '::1', 1717945406, 0x5f5f63695f6c6173745f726567656e65726174657c693a313731373934353430363b7265646972656374696f6e7c4e3b5f5f4143544956455f53455353494f4e5f444154417c733a3235363a226565316436386661343335386236616266366239613238326662366166666531663833613461613535363035323236666136376363366639666236646436393731386463366261653435343464303464333763386563386265333731366263323262653235346236343163373033313930636165353761383234386431366666386c396a564561696f41506475672b2f7a41694144422b4163594d4e794c68615a6745577a65693873793274794a375564396a3476422f785a7339674f774a4d78382f38624173656e794a634b6f394d7979414f72307575305436343649313877652f612f394a456e6d6e4d337433714a384d713635432f484d353854705473223b),
('b5055skc6nj57i166gqviek5c5lujgrv', '::1', 1717945873, 0x5f5f63695f6c6173745f726567656e65726174657c693a313731373934353837333b7265646972656374696f6e7c4e3b5f5f4143544956455f53455353494f4e5f444154417c733a3235363a226565316436386661343335386236616266366239613238326662366166666531663833613461613535363035323236666136376363366639666236646436393731386463366261653435343464303464333763386563386265333731366263323262653235346236343163373033313930636165353761383234386431366666386c396a564561696f41506475672b2f7a41694144422b4163594d4e794c68615a6745577a65693873793274794a375564396a3476422f785a7339674f774a4d78382f38624173656e794a634b6f394d7979414f72307575305436343649313877652f612f394a456e6d6e4d337433714a384d713635432f484d353854705473223b),
('l9hr930anl9focvqvchsark0vvd0lr7n', '::1', 1717946617, 0x5f5f63695f6c6173745f726567656e65726174657c693a313731373934363631373b7265646972656374696f6e7c4e3b5f5f4143544956455f53455353494f4e5f444154417c733a3235363a226565316436386661343335386236616266366239613238326662366166666531663833613461613535363035323236666136376363366639666236646436393731386463366261653435343464303464333763386563386265333731366263323262653235346236343163373033313930636165353761383234386431366666386c396a564561696f41506475672b2f7a41694144422b4163594d4e794c68615a6745577a65693873793274794a375564396a3476422f785a7339674f774a4d78382f38624173656e794a634b6f394d7979414f72307575305436343649313877652f612f394a456e6d6e4d337433714a384d713635432f484d353854705473223b),
('vc86klahrcib1quimstc8idrgaofd831', '::1', 1717946957, 0x5f5f63695f6c6173745f726567656e65726174657c693a313731373934363935373b7265646972656374696f6e7c4e3b5f5f4143544956455f53455353494f4e5f444154417c733a3235363a226565316436386661343335386236616266366239613238326662366166666531663833613461613535363035323236666136376363366639666236646436393731386463366261653435343464303464333763386563386265333731366263323262653235346236343163373033313930636165353761383234386431366666386c396a564561696f41506475672b2f7a41694144422b4163594d4e794c68615a6745577a65693873793274794a375564396a3476422f785a7339674f774a4d78382f38624173656e794a634b6f394d7979414f72307575305436343649313877652f612f394a456e6d6e4d337433714a384d713635432f484d353854705473223b),
('lmpu50u44gk6kfko6l73v204e6eonnt1', '::1', 1717947880, 0x5f5f63695f6c6173745f726567656e65726174657c693a313731373934373838303b7265646972656374696f6e7c4e3b5f5f4143544956455f53455353494f4e5f444154417c733a3235363a226565316436386661343335386236616266366239613238326662366166666531663833613461613535363035323236666136376363366639666236646436393731386463366261653435343464303464333763386563386265333731366263323262653235346236343163373033313930636165353761383234386431366666386c396a564561696f41506475672b2f7a41694144422b4163594d4e794c68615a6745577a65693873793274794a375564396a3476422f785a7339674f774a4d78382f38624173656e794a634b6f394d7979414f72307575305436343649313877652f612f394a456e6d6e4d337433714a384d713635432f484d353854705473223b),
('lqdjape88upmn73944omgcmddu2mgi1i', '::1', 1717948259, 0x5f5f63695f6c6173745f726567656e65726174657c693a313731373934383235393b7265646972656374696f6e7c4e3b5f5f4143544956455f53455353494f4e5f444154417c733a3235363a226565316436386661343335386236616266366239613238326662366166666531663833613461613535363035323236666136376363366639666236646436393731386463366261653435343464303464333763386563386265333731366263323262653235346236343163373033313930636165353761383234386431366666386c396a564561696f41506475672b2f7a41694144422b4163594d4e794c68615a6745577a65693873793274794a375564396a3476422f785a7339674f774a4d78382f38624173656e794a634b6f394d7979414f72307575305436343649313877652f612f394a456e6d6e4d337433714a384d713635432f484d353854705473223b),
('1sv2pu1dbrii85dvcmtd9m57bhqbe96u', '::1', 1717948723, 0x5f5f63695f6c6173745f726567656e65726174657c693a313731373934383732333b7265646972656374696f6e7c4e3b5f5f4143544956455f53455353494f4e5f444154417c733a3235363a226565316436386661343335386236616266366239613238326662366166666531663833613461613535363035323236666136376363366639666236646436393731386463366261653435343464303464333763386563386265333731366263323262653235346236343163373033313930636165353761383234386431366666386c396a564561696f41506475672b2f7a41694144422b4163594d4e794c68615a6745577a65693873793274794a375564396a3476422f785a7339674f774a4d78382f38624173656e794a634b6f394d7979414f72307575305436343649313877652f612f394a456e6d6e4d337433714a384d713635432f484d353854705473223b),
('t6r1h64df8gkuga6h6d754f834tb3d9t', '::1', 1717949065, 0x5f5f63695f6c6173745f726567656e65726174657c693a313731373934393036353b7265646972656374696f6e7c4e3b5f5f4143544956455f53455353494f4e5f444154417c733a3235363a226565316436386661343335386236616266366239613238326662366166666531663833613461613535363035323236666136376363366639666236646436393731386463366261653435343464303464333763386563386265333731366263323262653235346236343163373033313930636165353761383234386431366666386c396a564561696f41506475672b2f7a41694144422b4163594d4e794c68615a6745577a65693873793274794a375564396a3476422f785a7339674f774a4d78382f38624173656e794a634b6f394d7979414f72307575305436343649313877652f612f394a456e6d6e4d337433714a384d713635432f484d353854705473223b),
('5pbvqvi6dopab2klaono62d0balb8m4b', '::1', 1717949554, 0x5f5f63695f6c6173745f726567656e65726174657c693a313731373934393535343b7265646972656374696f6e7c4e3b5f5f4143544956455f53455353494f4e5f444154417c733a3235363a226565316436386661343335386236616266366239613238326662366166666531663833613461613535363035323236666136376363366639666236646436393731386463366261653435343464303464333763386563386265333731366263323262653235346236343163373033313930636165353761383234386431366666386c396a564561696f41506475672b2f7a41694144422b4163594d4e794c68615a6745577a65693873793274794a375564396a3476422f785a7339674f774a4d78382f38624173656e794a634b6f394d7979414f72307575305436343649313877652f612f394a456e6d6e4d337433714a384d713635432f484d353854705473223b),
('ntq8gft811km4l145c0vmq630f3lc8hu', '::1', 1717951554, 0x5f5f63695f6c6173745f726567656e65726174657c693a313731373935313535343b7265646972656374696f6e7c4e3b5f5f4143544956455f53455353494f4e5f444154417c733a3235363a226565316436386661343335386236616266366239613238326662366166666531663833613461613535363035323236666136376363366639666236646436393731386463366261653435343464303464333763386563386265333731366263323262653235346236343163373033313930636165353761383234386431366666386c396a564561696f41506475672b2f7a41694144422b4163594d4e794c68615a6745577a65693873793274794a375564396a3476422f785a7339674f774a4d78382f38624173656e794a634b6f394d7979414f72307575305436343649313877652f612f394a456e6d6e4d337433714a384d713635432f484d353854705473223b),
('nvulqlaa610fi0c2rvda164q95ndrovv', '::1', 1717951555, 0x5f5f63695f6c6173745f726567656e65726174657c693a313731373935313535343b7265646972656374696f6e7c4e3b5f5f4143544956455f53455353494f4e5f444154417c733a3235363a226565316436386661343335386236616266366239613238326662366166666531663833613461613535363035323236666136376363366639666236646436393731386463366261653435343464303464333763386563386265333731366263323262653235346236343163373033313930636165353761383234386431366666386c396a564561696f41506475672b2f7a41694144422b4163594d4e794c68615a6745577a65693873793274794a375564396a3476422f785a7339674f774a4d78382f38624173656e794a634b6f394d7979414f72307575305436343649313877652f612f394a456e6d6e4d337433714a384d713635432f484d353854705473223b),
('b2j6upmj3e3301h7vindeln87u0reqbj', '::1', 1718002275, 0x5f5f63695f6c6173745f726567656e65726174657c693a313731383030323231363b),
('23rs1r17ot4hde5r1ggb08fimkjusif5', '::1', 1718030793, 0x5f5f63695f6c6173745f726567656e65726174657c693a313731383033303739333b7265646972656374696f6e7c4e3b5f5f4143544956455f53455353494f4e5f444154417c733a3235363a226363353763396437333033336430343232313134633631643161373164343538663233613634633438613562363038663930346162363331616563653261366565663631666137306162663532333330393733643263396331663834346337653135646537633330333739323761656164303462636636663034306164636134594a657938517a6d5a4b34626c66685243343149676641732f386446336d55696e47504437706a38705a505864486b5866585837752f2f6a2b477855717179374b5a4f6f4f584a475263783967676a6d35515070326c304b54526b4c5646683243456348796974714e6531302b75443251494e454f6a386148664966322f7657223b),
('9171sbifajklneoscnu72lcmlo6cs9gb', '::1', 1718031318, 0x5f5f63695f6c6173745f726567656e65726174657c693a313731383033313331383b7265646972656374696f6e7c4e3b5f5f4143544956455f53455353494f4e5f444154417c733a3235363a226363353763396437333033336430343232313134633631643161373164343538663233613634633438613562363038663930346162363331616563653261366565663631666137306162663532333330393733643263396331663834346337653135646537633330333739323761656164303462636636663034306164636134594a657938517a6d5a4b34626c66685243343149676641732f386446336d55696e47504437706a38705a505864486b5866585837752f2f6a2b477855717179374b5a4f6f4f584a475263783967676a6d35515070326c304b54526b4c5646683243456348796974714e6531302b75443251494e454f6a386148664966322f7657223b),
('vmf9o7piu8535ck3q4mbck5pg6ebkh2j', '::1', 1718031714, 0x5f5f63695f6c6173745f726567656e65726174657c693a313731383033313731343b7265646972656374696f6e7c4e3b5f5f4143544956455f53455353494f4e5f444154417c733a3235363a226363353763396437333033336430343232313134633631643161373164343538663233613634633438613562363038663930346162363331616563653261366565663631666137306162663532333330393733643263396331663834346337653135646537633330333739323761656164303462636636663034306164636134594a657938517a6d5a4b34626c66685243343149676641732f386446336d55696e47504437706a38705a505864486b5866585837752f2f6a2b477855717179374b5a4f6f4f584a475263783967676a6d35515070326c304b54526b4c5646683243456348796974714e6531302b75443251494e454f6a386148664966322f7657223b),
('4vs963t046shmpgn85m2foi2lub5446d', '::1', 1718032246, 0x5f5f63695f6c6173745f726567656e65726174657c693a313731383033323234363b7265646972656374696f6e7c4e3b5f5f4143544956455f53455353494f4e5f444154417c733a3235363a226363353763396437333033336430343232313134633631643161373164343538663233613634633438613562363038663930346162363331616563653261366565663631666137306162663532333330393733643263396331663834346337653135646537633330333739323761656164303462636636663034306164636134594a657938517a6d5a4b34626c66685243343149676641732f386446336d55696e47504437706a38705a505864486b5866585837752f2f6a2b477855717179374b5a4f6f4f584a475263783967676a6d35515070326c304b54526b4c5646683243456348796974714e6531302b75443251494e454f6a386148664966322f7657223b),
('a6q8cbr89mih0nc4vkph78h6mokv4ehd', '::1', 1718034164, 0x5f5f63695f6c6173745f726567656e65726174657c693a313731383033343136343b7265646972656374696f6e7c4e3b5f5f4143544956455f53455353494f4e5f444154417c733a3235363a226363353763396437333033336430343232313134633631643161373164343538663233613634633438613562363038663930346162363331616563653261366565663631666137306162663532333330393733643263396331663834346337653135646537633330333739323761656164303462636636663034306164636134594a657938517a6d5a4b34626c66685243343149676641732f386446336d55696e47504437706a38705a505864486b5866585837752f2f6a2b477855717179374b5a4f6f4f584a475263783967676a6d35515070326c304b54526b4c5646683243456348796974714e6531302b75443251494e454f6a386148664966322f7657223b),
('nqnuhh2vnd8d3ibug52l82qcjp5nh0uj', '::1', 1718034769, 0x5f5f63695f6c6173745f726567656e65726174657c693a313731383033343736393b7265646972656374696f6e7c4e3b5f5f4143544956455f53455353494f4e5f444154417c733a3235363a22383464336634663962373730376364396163643836656164653038383138393838643739323734663966383962656438613038383865323833333331653233636162333732306462323132303139646233663364643661313934336566323633646231313032393066646437373136393865376366656561356563636436616159674b4f534f575a312f4637614671574a4e61747175434a52484b7267434477497159764c3378617a2f2f5268475677762f774831334a6f397459466670694e72787369584f4871594d4973453353694a2f4b546b6f376f716d6c41775a6d57455868445a5259424b63354b61416b766d576a5148684637306d474a4d756263223b),
('nbse64ppdkp9mt1eoa0iaiss2ojs0qvd', '::1', 1718034986, 0x5f5f63695f6c6173745f726567656e65726174657c693a313731383033343736393b7265646972656374696f6e7c4e3b5f5f4143544956455f53455353494f4e5f444154417c733a3235363a22383464336634663962373730376364396163643836656164653038383138393838643739323734663966383962656438613038383865323833333331653233636162333732306462323132303139646233663364643661313934336566323633646231313032393066646437373136393865376366656561356563636436616159674b4f534f575a312f4637614671574a4e61747175434a52484b7267434477497159764c3378617a2f2f5268475677762f774831334a6f397459466670694e72787369584f4871594d4973453353694a2f4b546b6f376f716d6c41775a6d57455868445a5259424b63354b61416b766d576a5148684637306d474a4d756263223b),
('q6ob43th70qmm2ha7k0c15ns66fpuddq', '::1', 1718090344, 0x5f5f63695f6c6173745f726567656e65726174657c693a313731383039303334333b),
('ea8i3iim4kuu5aaa740ga1gg33tg111i', '::1', 1718113602, 0x5f5f63695f6c6173745f726567656e65726174657c693a313731383131333630313b),
('1i6039cb4n3i9vrud14kuurgre2l24im', '::1', 1718198522, 0x5f5f63695f6c6173745f726567656e65726174657c693a313731383139383532323b7265646972656374696f6e7c4e3b5f5f4143544956455f53455353494f4e5f444154417c733a3235363a22396238323830303263326636643663373031346263656161373532663236393031326234643334306464383166643436326533643862346239373966626435383038326336316265333866373534303961313832336465396536626365326130363163313438633464643536643839636361313039393237303334653739313766413245713132714c665347794f6262627175734e564c36767a544e2f3167566b343830756f326b6130537634354f486651684e664c5041684f4770692b587064724c583545617661624a2b4542667153454c4235412f534c6f306670512b664765624662796f7a6e757446525a7470356a2b63414f46713839444d6542756f223b),
('5dlvi5psoar6i4ts9r9bf5rre0saes26', '::1', 1718199111, 0x5f5f63695f6c6173745f726567656e65726174657c693a313731383139393131313b7265646972656374696f6e7c4e3b5f5f4143544956455f53455353494f4e5f444154417c733a3235363a22396238323830303263326636643663373031346263656161373532663236393031326234643334306464383166643436326533643862346239373966626435383038326336316265333866373534303961313832336465396536626365326130363163313438633464643536643839636361313039393237303334653739313766413245713132714c665347794f6262627175734e564c36767a544e2f3167566b343830756f326b6130537634354f486651684e664c5041684f4770692b587064724c583545617661624a2b4542667153454c4235412f534c6f306670512b664765624662796f7a6e757446525a7470356a2b63414f46713839444d6542756f223b),
('u8ebm1hjgq1bc94gscqbvueie4722ler', '::1', 1718200271, 0x5f5f63695f6c6173745f726567656e65726174657c693a313731383230303237313b7265646972656374696f6e7c4e3b5f5f4143544956455f53455353494f4e5f444154417c733a3235363a223537376561383432356262343766393739653934306538653333616531663361663131363232306532613330633639636632363362656438313064653239663566616337666230663465633465393232383839343635623237373331376438666236303733323035306331323065376266376538376261366437633537306665522b384854534f395a7a713637674c526b614f776a4473576c716f6e385447335a6b6c564a6a4d7a6746526b2f4f3835537272476974334b6c566f5162366638485767793768785a575352356931774f41574356567575614a7a4570535a55396e326f78786e3072754f4c514c73437455346230497a55464c574a71354a7659223b),
('tfs3rs283l2sbqttjvvafk23c1svmq4l', '::1', 1718201130, 0x5f5f63695f6c6173745f726567656e65726174657c693a313731383230313133303b7265646972656374696f6e7c4e3b5f5f4143544956455f53455353494f4e5f444154417c733a3235363a223537376561383432356262343766393739653934306538653333616531663361663131363232306532613330633639636632363362656438313064653239663566616337666230663465633465393232383839343635623237373331376438666236303733323035306331323065376266376538376261366437633537306665522b384854534f395a7a713637674c526b614f776a4473576c716f6e385447335a6b6c564a6a4d7a6746526b2f4f3835537272476974334b6c566f5162366638485767793768785a575352356931774f41574356567575614a7a4570535a55396e326f78786e3072754f4c514c73437455346230497a55464c574a71354a7659223b),
('tolfre43t82t2eqcam86uv0v0s6l6ouv', '::1', 1718201795, 0x5f5f63695f6c6173745f726567656e65726174657c693a313731383230313739353b7265646972656374696f6e7c4e3b5f5f4143544956455f53455353494f4e5f444154417c733a3235363a2263303565333861643531313031626438643332313837393839346237313938653135313234306130653063336232373436343134643130643738636238373165313637303436666636626630353166346565636132616264663166616131366234316264626133336662373038663464346662303834643738623230373932302f55646e6a582b61337762676b49732b4d334f6a584d7862386c68504b64423263416542306c7957562f4a7054744f4c6e397052566e414e716c6d646633322f75587763373641696b4f48582f7a59502f7638725a41545a506b6e48533258713932613637346c45664e516c49697036596a7144636b4c6f35654d7336745770223b),
('nprb1gdgpjp01ot1rohkldm0uu6cqmqe', '::1', 1718203337, 0x5f5f63695f6c6173745f726567656e65726174657c693a313731383230333333373b7265646972656374696f6e7c4e3b5f5f4143544956455f53455353494f4e5f444154417c733a3235363a2263306361326431643264326530633632343337326530613035623830666238303664313363663564636362346230633435343966626138666632353038363832316161623564396334363232366464633534663437616138643938303362336330306135366538303261323534336334343363656632313166646262653733655445666e786b7753772f395832393067693235524e4d7766596a6e4d784e6e6c6e6835706a664b2b4c376c68687270426e6f4f454c544e7132415a36642b48576a3077374d3261356864484d6d4c61456d746b487674446d2b426538636444766745596d543665432b6d6751694354493477666d6c70454346627832366b6475223b),
('8vpp3jernl3o6e9mskbme0dcj74tl184', '::1', 1718203344, 0x5f5f63695f6c6173745f726567656e65726174657c693a313731383230333333373b7265646972656374696f6e7c4e3b5f5f4143544956455f53455353494f4e5f444154417c733a3235363a2263306361326431643264326530633632343337326530613035623830666238303664313363663564636362346230633435343966626138666632353038363832316161623564396334363232366464633534663437616138643938303362336330306135366538303261323534336334343363656632313166646262653733655445666e786b7753772f395832393067693235524e4d7766596a6e4d784e6e6c6e6835706a664b2b4c376c68687270426e6f4f454c544e7132415a36642b48576a3077374d3261356864484d6d4c61456d746b487674446d2b426538636444766745596d543665432b6d6751694354493477666d6c70454346627832366b6475223b),
('hgc2qkmlgln0ipan4s8d4alg09j5g1tj', '::1', 1718285527, 0x5f5f63695f6c6173745f726567656e65726174657c693a313731383238353439393b7265646972656374696f6e7c4e3b5f5f4143544956455f53455353494f4e5f444154417c733a3235363a2231363139333438366563303830366633633439333964393762663332303432656361313933373734316336333133366231396637366438623664333961323938383438323236643335666434656230333635373662323938626330306639643737313364636638643336323037303632383338616230343066303062303933346543705a6a7a37435a554c6866504c65544f5873515357706c6f5a3133773239535970463855796c6f39436d46457267635138306c5836664349614833776b4f386a5778347139446f6e76564148394637702b67794c67543671527945784d4d696a596730677931722b794549583372366e3065696546385667336e397a3852223b),
('ugsap0d2c62rtgok0ogpdfi19s2gi7iq', '::1', 1718697517, 0x5f5f63695f6c6173745f726567656e65726174657c693a313731383639373531373b7265646972656374696f6e7c4e3b5f5f4143544956455f53455353494f4e5f444154417c733a3235363a2233323339356164353266396331336238366239636437613436356163623035356135393964346239363934653362643839303236643030346263633565613363326335633135623032356561396531666236663032643861353364346535613464343931323766623637646361306262633762376333333331323061333132626f5078386d666a7236504437567a3538773073544d54504931472b4f4a506c615649683257317777326a3549716a4d522b3344326b4d7953565266774d644f314671546a43626a414c5a686e394a71477a43307763785878746a6a513151755134344b3969306e4c776753485a5438617946314746657833466d56513748537a223b),
('mmgjg6b35m1o3mmukgorqbginpt2bpqf', '::1', 1718697823, 0x5f5f63695f6c6173745f726567656e65726174657c693a313731383639373832333b7265646972656374696f6e7c4e3b5f5f4143544956455f53455353494f4e5f444154417c733a3235363a2233323339356164353266396331336238366239636437613436356163623035356135393964346239363934653362643839303236643030346263633565613363326335633135623032356561396531666236663032643861353364346535613464343931323766623637646361306262633762376333333331323061333132626f5078386d666a7236504437567a3538773073544d54504931472b4f4a506c615649683257317777326a3549716a4d522b3344326b4d7953565266774d644f314671546a43626a414c5a686e394a71477a43307763785878746a6a513151755134344b3969306e4c776753485a5438617946314746657833466d56513748537a223b),
('9h9npfeipi1e7tjjf45qlob8fma6tqlt', '::1', 1718699659, 0x5f5f63695f6c6173745f726567656e65726174657c693a313731383639393635393b7265646972656374696f6e7c4e3b5f5f4143544956455f53455353494f4e5f444154417c733a3235363a223333653136393834363735343165303831393939393236623634333838396538623939313236373566363631623861323832393364613964386264653833623837633533376163393935373264626362363137373766656666396131373431383465326431376538323035666534393831663961626531386361303332393962306d523369686b5664475948797259516a46435974756e6b557276644d42786344386449692f4f4c6a53396b443641356566575968696b744c444a386261777157667666422b75512f6830334239795449676d4678424148554f4c336437457466637134575655694b364c686e63766a5574624f3372563776744e6c31576842223b73746f72655f666c6173687c733a32363a2250656e646166746172616e20616b756e20626572686173696c21223b5f5f63695f766172737c613a313a7b733a31313a2273746f72655f666c617368223b733a333a226f6c64223b7d),
('7vvl8plm6kgemh11shlaa2ak8btq5nlm', '::1', 1718700023, 0x5f5f63695f6c6173745f726567656e65726174657c693a313731383730303032333b7265646972656374696f6e7c4e3b5f5f4143544956455f53455353494f4e5f444154417c733a3235363a223333653136393834363735343165303831393939393236623634333838396538623939313236373566363631623861323832393364613964386264653833623837633533376163393935373264626362363137373766656666396131373431383465326431376538323035666534393831663961626531386361303332393962306d523369686b5664475948797259516a46435974756e6b557276644d42786344386449692f4f4c6a53396b443641356566575968696b744c444a386261777157667666422b75512f6830334239795449676d4678424148554f4c336437457466637134575655694b364c686e63766a5574624f3372563776744e6c31576842223b),
('it662dskq6c97tq8lhjc08ha4o0ir17q', '::1', 1718700886, 0x5f5f63695f6c6173745f726567656e65726174657c693a313731383730303838363b7265646972656374696f6e7c4e3b),
('b12eksvj2qb0c520h9gf418lvbi9sr1s', '::1', 1718701275, 0x5f5f63695f6c6173745f726567656e65726174657c693a313731383730313237353b7265646972656374696f6e7c4e3b5f5f4143544956455f53455353494f4e5f444154417c733a3235363a22653535333761353033663738653866373761616664306230643638623965653239343165356431316462333766333266643139316666333932303361326161613630323137306238623134386133316635383835363139323239303735393465386264303466353739613264333036626538663139396237633163623861373357614431703043722f614e344636796966746378584e694371467745466e6d6f3537507432687a4e3251467175416c2f4d6c63444e6c696e4641502f374679764346507254766232646c2b6e387458672f4650756f4d366f333931594b797a53614b4f2f34386a347045545a736471353177386e486d4b4f554557553964444c223b),
('d9jn8g9jlqs3pu6h9sd6j3q88u4g0d9s', '::1', 1718702547, 0x5f5f63695f6c6173745f726567656e65726174657c693a313731383730323534373b7265646972656374696f6e7c4e3b5f5f4143544956455f53455353494f4e5f444154417c733a3235363a2230306562396135323935313464386537356634383662393630616138623939356339333331656462396438336236326539313133333039373831363630643535356637626133656435376562356661363735356138636238336563323737343338366661336361306166303438613934643166336463323435656361303539376b42643752667a4e684c6a3977644665497353574859493474566b4852526d2f705834666e34757256493970456d574c626a7a325a484f34507a325872503976733049426c597a7430574a6b4a50367a3245672f564b48572b4a4b6d4a7a58334c57776a4133374d48773638506e7678714151346639723741624c3039516363223b),
('hirkvqg2pe02oibha8aasjknsbjv1eeh', '::1', 1718702620, 0x5f5f63695f6c6173745f726567656e65726174657c693a313731383730323632303b7265646972656374696f6e7c4e3b5f5f4143544956455f53455353494f4e5f444154417c733a3235363a2261333763303934313030366231626235653765323037643438656462363063373033323739633032316535336138613665383431313939653335316539373065336439373539346437633633313434353661386262616262383333626339396637373234353965383263343561313038336238353164363762363538653138333847695259525465484e66367751736635346f326c63526a79705878733474326b42737a2f437a4138476b4b50486b4d71676943677532496d73664b516d635761334f79696a73466b395443305a437a447353524a4571322b743071546342674477656b68456f79336539323537637a384859307432386845574943424b3454223b),
('4ghmgsmpji74f3kojs71ktcbcm6t2q1b', '::1', 1718703695, 0x5f5f63695f6c6173745f726567656e65726174657c693a313731383730333639353b7265646972656374696f6e7c733a38383a226148523063446f764c327876593246736147397a6443394661334e7762334a6653325673595842684c326c755a4756344c6e426f6343396a64584e306232316c6369397759586c745a5735306379396a6232356d61584a74223b5f5f4143544956455f53455353494f4e5f444154417c733a3235363a2230306562396135323935313464386537356634383662393630616138623939356339333331656462396438336236326539313133333039373831363630643535356637626133656435376562356661363735356138636238336563323737343338366661336361306166303438613934643166336463323435656361303539376b42643752667a4e684c6a3977644665497353574859493474566b4852526d2f705834666e34757256493970456d574c626a7a325a484f34507a325872503976733049426c597a7430574a6b4a50367a3245672f564b48572b4a4b6d4a7a58334c57776a4133374d48773638506e7678714151346639723741624c3039516363223b),
('rdinnnjv8sj7006v0sm0p7tc763085cu', '::1', 1718703108, 0x5f5f63695f6c6173745f726567656e65726174657c693a313731383730333130383b7265646972656374696f6e7c4e3b5f5f4143544956455f53455353494f4e5f444154417c733a3235363a2261333763303934313030366231626235653765323037643438656462363063373033323739633032316535336138613665383431313939653335316539373065336439373539346437633633313434353661386262616262383333626339396637373234353965383263343561313038336238353164363762363538653138333847695259525465484e66367751736635346f326c63526a79705878733474326b42737a2f437a4138476b4b50486b4d71676943677532496d73664b516d635761334f79696a73466b395443305a437a447353524a4571322b743071546342674477656b68456f79336539323537637a384859307432386845574943424b3454223b),
('n8fpshl6valf6o8of46qettar2rofps6', '::1', 1718703527, 0x5f5f63695f6c6173745f726567656e65726174657c693a313731383730333532373b7265646972656374696f6e7c4e3b5f5f4143544956455f53455353494f4e5f444154417c733a3235363a226138663032313961633338653632336237313365633331386630663363336166313537326532653737396234343266333465383366396663376462383033653335393636323339306461343734303434346233623839363932656531373332623162323338653633666234663539646265393563376138643062393035396136554176412f70644c71434c6e7356694453746b533435566c4f6f2f767841344a71423953484b6d4f515058772f713764565469666c516571706e58506672744642723343466e426c386d2b64534e6837355175582b514a58416c2f617861565530526634584975422f4c64794e2f5131324962494453567a715a4c66594b5851223b),
('4g3dvtknke7qqfekucrlvng6mjjmu6m4', '::1', 1718704862, 0x5f5f63695f6c6173745f726567656e65726174657c693a313731383730343836323b7265646972656374696f6e7c4e3b5f5f4143544956455f53455353494f4e5f444154417c733a3235363a226138663032313961633338653632336237313365633331386630663363336166313537326532653737396234343266333465383366396663376462383033653335393636323339306461343734303434346233623839363932656531373332623162323338653633666234663539646265393563376138643062393035396136554176412f70644c71434c6e7356694453746b533435566c4f6f2f767841344a71423953484b6d4f515058772f713764565469666c516571706e58506672744642723343466e426c386d2b64534e6837355175582b514a58416c2f617861565530526634584975422f4c64794e2f5131324962494453567a715a4c66594b5851223b),
('577gqcdl6vfjhekubvrfb3nthf13a0im', '::1', 1718703864, 0x5f5f63695f6c6173745f726567656e65726174657c693a313731383730333639353b7265646972656374696f6e7c4e3b5f5f4143544956455f53455353494f4e5f444154417c733a3235363a2265373465316362363263616630333836373835383762373739326130663433323539373234666333323962623738393165336330366365656164633332333466353664653136316337393564303062336464353661373934653233643237303735343336613463643138386566353738383134616264666435366666306137327749306b744f74564b4d443377766e79784c47776862305935682b493634525a5175434a45344b6a34684d306179512b494f5a6d67375057706b546b7571306e4b6950726e4c6262514b75446a396a684652636f64702f49746a375546616f3469436c636f70525975347671594a354a4a456d4f392b626a6332377069656364223b73746f72655f666c6173687c733a32363a2250656e646166746172616e20616b756e20626572686173696c21223b5f5f63695f766172737c613a313a7b733a31313a2273746f72655f666c617368223b733a333a226f6c64223b7d),
('4smfbjsjon55rf1pj8ftejb3vsbslq07', '::1', 1718709203, 0x5f5f63695f6c6173745f726567656e65726174657c693a313731383730393230333b7265646972656374696f6e7c4e3b5f5f4143544956455f53455353494f4e5f444154417c733a3235363a22623562393665623339626465346433633364306631313164356265306335626162393466373564613736376635643062643961643864643466393165653630393836633334613561336434666634323136396334643536663861356433383066323735303566366161653037643464343637386461363437313766633866643763323953686b4b4e5a667451346835456341783842787472794a7a58565a79562f3131766350714230723461676f726a494b4d6a4155516856775661783731346564516c35514a754f4d55657a36347771656f47696b525a515156347a347a726c56516d706d686d6b536e36763138473167316c5565704534494b7133714964223b),
('58d2e33qb45ldu9l3tq9f1uihle2o5gi', '::1', 1718709504, 0x5f5f63695f6c6173745f726567656e65726174657c693a313731383730393530343b7265646972656374696f6e7c4e3b5f5f4143544956455f53455353494f4e5f444154417c733a3235363a22383961386531333839613836373339343962613232396635396437623865363935366662323639633462633065653431666331616465613332666335333931633731353364633130306431303965653930626663373465656265616232623431626663393438313831663366643063306334323235636265633436323466613367357572333667647433624177486d4233575878326175624f2f50612b574c57794265476830444b4d33533243496437767a5a7068563677645942726e6b4a3034736849716871436d58335149616f43575759384c3056342b46436c58336d325949374a7233736b7934333561795074762b356c6141386b4935756f6b423653223b),
('9e3toa5p58v3satlbjmfjkgmosu9bjak', '::1', 1718709772, 0x5f5f63695f6c6173745f726567656e65726174657c693a313731383730393530343b7265646972656374696f6e7c4e3b5f5f4143544956455f53455353494f4e5f444154417c733a3235363a2231356432666234666263623530346431616639303066316137303836353736346337623732393338326363656138646263626235643533366135326364336364333132316237326332363637333334643231366361326431663338653635366161303466616563643437656361363537373334363533373964613336323433346146396464564f7a62496535666677686e7239626271746833624757586d5071453671676b652f5269674539616d554d694a5264624d646970374a58546648596e5a77473151676346345a4d7069546e614137384f65797742424946535945442b37506a44463546354158334f39666b41366b4a76585a626f6d614448794949223b),
('95kjv4g7ptmm6jkakkdgjm1m9g96aa1d', '::1', 1718721886, 0x5f5f63695f6c6173745f726567656e65726174657c693a313731383732313838363b7265646972656374696f6e7c4e3b5f5f4143544956455f53455353494f4e5f444154417c733a3235363a223136333236626531633161363937616163663834616531386663613730373364373563303136373836333237346334306562343862366234303630663563646365343836356438373966653562366536623634343439616331623830393034643634313065336336633438363365326462353362333433343563633633663938696472536342506f32303758336f4f34777863614a767964595949685851552b33322f42723836704768766a4b5a63456e364b6c3077776e3769754a634d4f4173444f6c42665344626343437075542f66346d544746764e4b777634375263796467545a653366543535733656787661654d6131336c51776e68444353663262223b),
('tm13nekg659crb75grkls3lhta3trb4g', '::1', 1718721886, 0x5f5f63695f6c6173745f726567656e65726174657c693a313731383732313838363b7265646972656374696f6e7c4e3b5f5f4143544956455f53455353494f4e5f444154417c733a3235363a223136333236626531633161363937616163663834616531386663613730373364373563303136373836333237346334306562343862366234303630663563646365343836356438373966653562366536623634343439616331623830393034643634313065336336633438363365326462353362333433343563633633663938696472536342506f32303758336f4f34777863614a767964595949685851552b33322f42723836704768766a4b5a63456e364b6c3077776e3769754a634d4f4173444f6c42665344626343437075542f66346d544746764e4b777634375263796467545a653366543535733656787661654d6131336c51776e68444353663262223b),
('gjradosesoul3pvt0nfepic2c52m1b79', '::1', 1719133109, 0x5f5f63695f6c6173745f726567656e65726174657c693a313731393133333130393b),
('94sslga6jvkpggg4huqbrod99a6vo1f4', '::1', 1719138320, 0x5f5f63695f6c6173745f726567656e65726174657c693a313731393133383332303b),
('4sofe1dvd986it2imto3gh8sd7eggpq5', '::1', 1719134071, 0x5f5f63695f6c6173745f726567656e65726174657c693a313731393133343037313b7265646972656374696f6e7c4e3b),
('ghtp7l5ni71ckll54b8msgtlban5mhe4', '::1', 1719134673, 0x5f5f63695f6c6173745f726567656e65726174657c693a313731393133343637333b7265646972656374696f6e7c4e3b),
('6fkr4runisabi7nguvsb9oceq0ad99da', '::1', 1719135105, 0x5f5f63695f6c6173745f726567656e65726174657c693a313731393133353130353b7265646972656374696f6e7c4e3b),
('4bovd1rs36l20m43qej5nr1rff0muh0i', '::1', 1719135787, 0x5f5f63695f6c6173745f726567656e65726174657c693a313731393133353738373b7265646972656374696f6e7c4e3b),
('npbg376e49ic8vbob7goei98tui2dcs0', '::1', 1719136396, 0x5f5f63695f6c6173745f726567656e65726174657c693a313731393133363339363b7265646972656374696f6e7c4e3b),
('tff7rhg7qineni010sik93hogll4o2n7', '::1', 1719136708, 0x5f5f63695f6c6173745f726567656e65726174657c693a313731393133363730383b7265646972656374696f6e7c4e3b),
('qmhiqa2evl8aj9b1ddmfm46gme8i8qtg', '::1', 1719137019, 0x5f5f63695f6c6173745f726567656e65726174657c693a313731393133373031393b7265646972656374696f6e7c4e3b5f5f4143544956455f53455353494f4e5f444154417c733a3235363a2234633037303535656632653636333833373931623139343739383830623634326330663562373538333336336664646336663035393632653463373836636166653863653937663333343638623239306565633665313463333036643138346139636236616231383864633938346362643131646666653436663963646538377247767761786e2b2b53506c793030513948767135644e6443356d703669645a51336b704b7a365262766255774a4376706e63652f77344835675070636761744232677541553749772b5675362f746656384748595237415952754471516f3246424f354a4f4e316f6733347067744c676f514267304565436c347343442f59223b),
('cf229ehhi5tc110r3thvjcjai5o0qqpb', '::1', 1719137408, 0x5f5f63695f6c6173745f726567656e65726174657c693a313731393133373430383b7265646972656374696f6e7c4e3b5f5f4143544956455f53455353494f4e5f444154417c733a3235363a22326535633461613730306137386664396164623563346533363363313736653132373131363533346139313334636466656462333132633364383266343363616163316164333438376636346635366631303934323434663730346531626132323462393630303964663162306534343837643433643739383430386539313750694d346a57784a79636f704f5342696d3866416a4849474f53424c4265784f5975624a69506a73467149754b2b2b57763372623630436b6755695a35656a74334c4c4c475756575363317a37743851626f6c484531644d36514a584535686878747a64373075675938366a78375334745534396e5879767a3675355963662f223b),
('0fvvt71q0e9f8s3qa999ajco78um1pvt', '::1', 1719138190, 0x5f5f63695f6c6173745f726567656e65726174657c693a313731393133383139303b7265646972656374696f6e7c4e3b5f5f4143544956455f53455353494f4e5f444154417c733a3235363a2234383439633161396339396365376261363430303434316530353034386432663936353066353432653263653635646663393332343163313632663765396463326437633863653464333839316163303161633066633630613161393636633131383666316165316238353634613831313061383633346133633564326164614e74666d396f75485633734741544b377a7a682b6d3676416b6c5170386b696a4d384e424c6a624370763958374d6d6361507a7757706f616f71674d4a392f3568335458644759785649744b54526c7a465a3063624367746163396e524835716d534477336564585241486f7436464c6c6b704b6165392f7a3759436d4f4d66223b),
('m5jpa9jagdms2vm4ebm738jugleob5ka', '::1', 1719138491, 0x5f5f63695f6c6173745f726567656e65726174657c693a313731393133383439313b7265646972656374696f6e7c4e3b5f5f4143544956455f53455353494f4e5f444154417c733a3235363a22373332323335643931343134353338626438396461656261383336356464646437343066663362393436393066626331356465336166333762663931353263336133383333353939363163356632343632643231346563653536343335323966613237636361356431633263363262316535343033616330633036366138343978764a634b4f492b542f48385a677a3941515159474f753265646f7431425575707270514d6872506d41706137622b35713532457534364c3363744e5350644334774631766d3642376370656547794c552f36696768524f2f4a5566365037757546757a4845464f4b4d747655504853525239797a6877676a4459796958304a223b),
('4gpciiolqp82d9tp4gin6bunt9clasr6', '::1', 1719138697, 0x5f5f63695f6c6173745f726567656e65726174657c693a313731393133383639373b7265646972656374696f6e7c4e3b5f5f4143544956455f53455353494f4e5f444154417c733a3235363a2264363238386162656235663334316434366262633830626631343936623134633065666264316462613931323837326132613362663832373932323834396638636434306466363939643539336533643632623532616331663532363662646463336536653436313731333865373836633363313465313265356439383863367470434a53366b6e337345767a5036636f4948364f426b3967524863416a6b4b3363664d6b70703563484d4a51427a58494c52754f576863726b6131626539436552514c477253436f45543050703249373469584d65664b4658774a486f5956484777384d6e4848433868494777425a37615973495a6a4647356a474b7a3265223b),
('g8oa8qfni0ilftgu6h14eteikmj9i2uc', '::1', 1719138934, 0x5f5f63695f6c6173745f726567656e65726174657c693a313731393133383933343b7265646972656374696f6e7c4e3b5f5f4143544956455f53455353494f4e5f444154417c733a3235363a22373332323335643931343134353338626438396461656261383336356464646437343066663362393436393066626331356465336166333762663931353263336133383333353939363163356632343632643231346563653536343335323966613237636361356431633263363262316535343033616330633036366138343978764a634b4f492b542f48385a677a3941515159474f753265646f7431425575707270514d6872506d41706137622b35713532457534364c3363744e5350644334774631766d3642376370656547794c552f36696768524f2f4a5566365037757546757a4845464f4b4d747655504853525239797a6877676a4459796958304a223b),
('7bov219hff4dssk69majafja4g4bl61u', '::1', 1719140654, 0x5f5f63695f6c6173745f726567656e65726174657c693a313731393134303635343b7265646972656374696f6e7c4e3b5f5f4143544956455f53455353494f4e5f444154417c733a3235363a223736393239333336316465613866323962313563333930396536386534373738653931306535356664373039623162306137333134343265333264653638376136303439633631613430393663346435376361363035316564343762373138316363373330646262343932323633616163643136393463663966306464303734367669736a72454856767958387a4276422f7a415477616f4647746d3341333063514a62644c34634c4e45696e3533747951725339666d67646d656d7561354c7a36425164673972724561526631335231664a49522b745831484e6b6f4749656a464a5459714c76323355554c6a7765626663642f7457746f376652686f6746223b),
('hn67assn21cc67f7b76eqc7ac0amctid', '::1', 1719139663, 0x5f5f63695f6c6173745f726567656e65726174657c693a313731393133393636333b7265646972656374696f6e7c4e3b5f5f4143544956455f53455353494f4e5f444154417c733a3235363a223534636236353538653932663434363539633133323565393530366535356461396433666232343730373065393066333831343437646138653235333132396430346663303139643562306339333831336233353538326637343134313739383330616239363331323231613862386563636637323337306134353632306263636e67555350676c782f417256495548443449536c4c565274584655785641364b7a4e5977317a5445647763714f48514279794e6e53544c655a7a63676e704e666b2f46533873613433625346424379484a706b5a36534b5977794d562f444b655a523574616e616875444b7335597932744d75752b694e3351515a6f566769223b),
('447ptia9esv4mgqhdkvdn33ifkt9q1t7', '::1', 1719140123, 0x5f5f63695f6c6173745f726567656e65726174657c693a313731393134303132333b7265646972656374696f6e7c733a38343a226148523063446f764c327876593246736147397a6443394661334e7762334a6653325673595842684c326c755a4756344c6e426f6343396a64584e306232316c636939795a585a705a58647a4c3364796158526c223b5f5f4143544956455f53455353494f4e5f444154417c733a3235363a223534636236353538653932663434363539633133323565393530366535356461396433666232343730373065393066333831343437646138653235333132396430346663303139643562306339333831336233353538326637343134313739383330616239363331323231613862386563636637323337306134353632306263636e67555350676c782f417256495548443449536c4c565274584655785641364b7a4e5977317a5445647763714f48514279794e6e53544c655a7a63676e704e666b2f46533873613433625346424379484a706b5a36534b5977794d562f444b655a523574616e616875444b7335597932744d75752b694e3351515a6f566769223b),
('kcmvs0rncp2ef8bq8jana32qatdndqn4', '::1', 1719140609, 0x5f5f63695f6c6173745f726567656e65726174657c693a313731393134303630393b7265646972656374696f6e7c733a38343a226148523063446f764c327876593246736147397a6443394661334e7762334a6653325673595842684c326c755a4756344c6e426f6343396a64584e306232316c636939795a585a705a58647a4c3364796158526c223b5f5f4143544956455f53455353494f4e5f444154417c733a3235363a223534636236353538653932663434363539633133323565393530366535356461396433666232343730373065393066333831343437646138653235333132396430346663303139643562306339333831336233353538326637343134313739383330616239363331323231613862386563636637323337306134353632306263636e67555350676c782f417256495548443449536c4c565274584655785641364b7a4e5977317a5445647763714f48514279794e6e53544c655a7a63676e704e666b2f46533873613433625346424379484a706b5a36534b5977794d562f444b655a523574616e616875444b7335597932744d75752b694e3351515a6f566769223b),
('m7netmgsvu5rj8uvvcm8rcmradnra0bh', '::1', 1719140632, 0x5f5f63695f6c6173745f726567656e65726174657c693a313731393134303630393b7265646972656374696f6e7c733a38343a226148523063446f764c327876593246736147397a6443394661334e7762334a6653325673595842684c326c755a4756344c6e426f6343396a64584e306232316c636939795a585a705a58647a4c3364796158526c223b5f5f4143544956455f53455353494f4e5f444154417c733a3235363a223534636236353538653932663434363539633133323565393530366535356461396433666232343730373065393066333831343437646138653235333132396430346663303139643562306339333831336233353538326637343134313739383330616239363331323231613862386563636637323337306134353632306263636e67555350676c782f417256495548443449536c4c565274584655785641364b7a4e5977317a5445647763714f48514279794e6e53544c655a7a63676e704e666b2f46533873613433625346424379484a706b5a36534b5977794d562f444b655a523574616e616875444b7335597932744d75752b694e3351515a6f566769223b),
('h4nleusmp7svjq1ga2od0lqlf48tktd3', '::1', 1719140667, 0x5f5f63695f6c6173745f726567656e65726174657c693a313731393134303635343b7265646972656374696f6e7c4e3b),
('cde8cvjsforpm5j7aqv59vkf3emnn5aj', '::1', 1719154733, 0x5f5f63695f6c6173745f726567656e65726174657c693a313731393135343733333b),
('p8utkn0gkcsrdnaovfroblvp89fqi50d', '::1', 1719154773, 0x5f5f63695f6c6173745f726567656e65726174657c693a313731393135343733333b),
('vnipka8pi2u8k0gujhcunh3lsvmu25lt', '::1', 1719224106, 0x5f5f63695f6c6173745f726567656e65726174657c693a313731393232343130363b),
('25gm1lad6ud2qgkis0sm6h93pc9jql91', '::1', 1719224812, 0x5f5f63695f6c6173745f726567656e65726174657c693a313731393232343831323b),
('un1ssdq6doc3a112n1n8hvb4pg82o1jp', '::1', 1719224813, 0x5f5f63695f6c6173745f726567656e65726174657c693a313731393232343831323b),
('bmqergi90fnlq08n40cq97rvfdg4b8d9', '::1', 1719234181, 0x5f5f63695f6c6173745f726567656e65726174657c693a313731393233343138313b),
('4grgv5dc8bp0vs9uvfl7fqk7j4080ebf', '::1', 1719234200, 0x5f5f63695f6c6173745f726567656e65726174657c693a313731393233343230303b),
('oq165gh37s2rtqo7mbibfh89k1t3cqf0', '::1', 1719234182, 0x5f5f63695f6c6173745f726567656e65726174657c693a313731393233343138313b),
('g8t120mmqe0botunm3mrkpgddv4qovqv', '::1', 1719235184, 0x5f5f63695f6c6173745f726567656e65726174657c693a313731393233353138343b),
('hnfui0jqnntt8kvqn2s342ddgiog0par', '::1', 1719235192, 0x5f5f63695f6c6173745f726567656e65726174657c693a313731393233353138343b7265646972656374696f6e7c4e3b5f5f4143544956455f53455353494f4e5f444154417c733a3235363a2236346465366230616435616463363331623030616364613636346635316564323234326631613262343937303563343832326335633633326334393662366336306163333037666161336662663035613934396537376565356661393661323730373631366230313963663263396539616138613162633633613834383039322b4869554b4c354f5767487379744443434d706c6c696c42736c4b503149525a786b482b4e4d69684b6e72306b37646e613563456a2b54794c67642f32642f572b3130444643615076554e304270494b306e41386f4e5876776b762b5a51664c2b596e643345335265566f45527a7530452b705042373752326972694659534f223b),
('3b0cj25ts65qca0mgg0jksj4vmseevh8', '::1', 1719326241, 0x5f5f63695f6c6173745f726567656e65726174657c693a313731393332363234313b7265646972656374696f6e7c4e3b5f5f4143544956455f53455353494f4e5f444154417c733a3235363a2266646233386162636163616632613835396161313264333135663639396535363032356232383065343637376365356637396561383638663631383564333761663164343530646463356530616436353736363965376161633033333961363665363634616535386630623865306639336363363434386131326365376361626447446a6a39617549547a35582f774b59372b6c446753744146712f43473044363669626f4c6534704d444447334d453031564a7241695a4c69556e79417643754b556f4254644255385643776b4f316b5458477a41537743415564774468554f4146715173717237326471397839386c647750574f6331664b2b432f6f757a223b),
('5jt16djfpbtagjdmjaqk6r4sg2a7t1oq', '::1', 1719326279, 0x5f5f63695f6c6173745f726567656e65726174657c693a313731393332363234313b7265646972656374696f6e7c4e3b5f5f4143544956455f53455353494f4e5f444154417c733a3235363a2266646233386162636163616632613835396161313264333135663639396535363032356232383065343637376365356637396561383638663631383564333761663164343530646463356530616436353736363965376161633033333961363665363634616535386630623865306639336363363434386131326365376361626447446a6a39617549547a35582f774b59372b6c446753744146712f43473044363669626f4c6534704d444447334d453031564a7241695a4c69556e79417643754b556f4254644255385643776b4f316b5458477a41537743415564774468554f4146715173717237326471397839386c647750574f6331664b2b432f6f757a223b),
('7sll17njksu3ej1tmbo96eq0ntg3tl9b', '::1', 1719326598, 0x5f5f63695f6c6173745f726567656e65726174657c693a313731393332363539383b),
('v1t1jfvf9a24674d7tsot4onfvid4a60', '::1', 1719327098, 0x5f5f63695f6c6173745f726567656e65726174657c693a313731393332373039383b),
('tcn2d7rjen8lvnr9kf8cp64dvt8d7410', '::1', 1719327400, 0x5f5f63695f6c6173745f726567656e65726174657c693a313731393332373430303b5f5f4143544956455f53455353494f4e5f444154417c733a3235363a2237376363623333636564373437643461633738636466323862396137353661656435353266356362633861346364653137313463326562646239323735303130343061663564663035323634623062663637653163396264373934356461653431333839353439633065646130306131313564633633366436623537346666314c37656a7545494a354c6a436e5a55474a6f4a31556a6632393351777049596e777845414935634a6e4175692f7058336341447253732b6562763978507a49637157523070764b614b716f42644e53766c37702b65414a456c586844514f4b4e4c4435782f364a474c2f54584232497445693277336c46757964347643544172223b636172745f636f6e74656e74737c613a333a7b733a31303a22636172745f746f74616c223b643a34303030303b733a31313a22746f74616c5f6974656d73223b643a323b733a33323a223962663331633766663036323933366139366433633862643166386632666633223b613a363a7b733a323a226964223b733a323a223135223b733a333a22717479223b643a323b733a353a227072696365223b643a32303030303b733a343a226e616d65223b733a31333a224d696e79616b204b656c617061223b733a353a22726f776964223b733a33323a223962663331633766663036323933366139366433633862643166386632666633223b733a383a22737562746f74616c223b643a34303030303b7d7d6f726465725f7175616e746974797c613a313a7b693a31353b613a323a7b733a333a22717479223b643a323b733a353a227072696365223b643a32303030303b7d7d746f74616c5f70726963657c643a34303030303b);
INSERT INTO `ci_sessions` (`id`, `ip_address`, `timestamp`, `data`) VALUES
('lnafjjrcomjetdk0ul6t3s7keqgon7lg', '::1', 1719327707, 0x5f5f63695f6c6173745f726567656e65726174657c693a313731393332373730373b7265646972656374696f6e7c4e3b636172745f636f6e74656e74737c613a333a7b733a31303a22636172745f746f74616c223b643a32303030303b733a31313a22746f74616c5f6974656d73223b643a313b733a33323a223962663331633766663036323933366139366433633862643166386632666633223b613a363a7b733a323a226964223b733a323a223135223b733a333a22717479223b643a313b733a353a227072696365223b643a32303030303b733a343a226e616d65223b733a31333a224d696e79616b204b656c617061223b733a353a22726f776964223b733a33323a223962663331633766663036323933366139366433633862643166386632666633223b733a383a22737562746f74616c223b643a32303030303b7d7d5f5f4143544956455f53455353494f4e5f444154417c733a3235363a22633665376265306336373961353933633137343239376336356237653565353365316130323162333366656362376233373737323432653161313431333034363039346235366638643431613732323639653465636631316632616633633064386663636138333938346535663935306435333965353930346462313033323976444b4d32734935366a3354497a726771546970435a635361655a55462f6471715959594757446f42616d797a69646f64686774384748456437303865307968426469377235784567736c392f4b30475a796e69417136736e4436744c62614d72646639303232535157306763623756707165785066614376417a6d62533567223b),
('gae55k8forlj3r5o1t2v5qgq9ag20geg', '::1', 1719327795, 0x5f5f63695f6c6173745f726567656e65726174657c693a313731393332373730373b7265646972656374696f6e7c4e3b636172745f636f6e74656e74737c613a333a7b733a31303a22636172745f746f74616c223b643a32303030303b733a31313a22746f74616c5f6974656d73223b643a313b733a33323a223962663331633766663036323933366139366433633862643166386632666633223b613a363a7b733a323a226964223b733a323a223135223b733a333a22717479223b643a313b733a353a227072696365223b643a32303030303b733a343a226e616d65223b733a31333a224d696e79616b204b656c617061223b733a353a22726f776964223b733a33323a223962663331633766663036323933366139366433633862643166386632666633223b733a383a22737562746f74616c223b643a32303030303b7d7d5f5f4143544956455f53455353494f4e5f444154417c733a3235363a22633665376265306336373961353933633137343239376336356237653565353365316130323162333366656362376233373737323432653161313431333034363039346235366638643431613732323639653465636631316632616633633064386663636138333938346535663935306435333965353930346462313033323976444b4d32734935366a3354497a726771546970435a635361655a55462f6471715959594757446f42616d797a69646f64686774384748456437303865307968426469377235784567736c392f4b30475a796e69417136736e4436744c62614d72646639303232535157306763623756707165785066614376417a6d62533567223b),
('qv3qhp4tlc27naa8tarkpl38aempn9a6', '::1', 1719405243, 0x5f5f63695f6c6173745f726567656e65726174657c693a313731393430353234333b),
('cc085j6b95k3mmhf776as145ernmqfre', '::1', 1719407744, 0x5f5f63695f6c6173745f726567656e65726174657c693a313731393430373734343b),
('mlads0h4pgirjnigm7as7853rfvsju99', '::1', 1719406926, 0x5f5f63695f6c6173745f726567656e65726174657c693a313731393430363932363b),
('jmnioh7gseui7a7qp859c8i5765nd40m', '::1', 1719408025, 0x5f5f63695f6c6173745f726567656e65726174657c693a313731393430383032353b),
('oiusre96rv3rq6shd9glggml133i6402', '::1', 1719408449, 0x5f5f63695f6c6173745f726567656e65726174657c693a313731393430383434393b),
('rcrh4c6pmrbis3dpl1ad41i4pvmqb8aj', '::1', 1719408721, 0x5f5f63695f6c6173745f726567656e65726174657c693a313731393430383732313b),
('gl84aktsf01emkpbiofoevpij7p4pddq', '::1', 1719408449, 0x5f5f63695f6c6173745f726567656e65726174657c693a313731393430383434393b),
('6c4l5c5gt4e1cqn8rlj2k2qfmkud5cvd', '::1', 1719408762, 0x5f5f63695f6c6173745f726567656e65726174657c693a313731393430383732313b7265646972656374696f6e7c733a38383a226148523063446f764c327876593246736147397a6443394661334e7762334a6653325673595842684c326c755a4756344c6e426f6343396a64584e306232316c6369397759586c745a5735306379396a6232356d61584a74223b),
('3c2tf1qtd9fl71rqv6oi2ssi3rhjsorq', '::1', 1719492180, 0x5f5f63695f6c6173745f726567656e65726174657c693a313731393439323138303b),
('72dc9df2kvfdbd786bde5sf160o3s24e', '::1', 1719492697, 0x5f5f63695f6c6173745f726567656e65726174657c693a313731393439323639373b7265646972656374696f6e7c4e3b),
('07t79fst7daetjavulecdmp6t4rl4m08', '::1', 1719492537, 0x5f5f63695f6c6173745f726567656e65726174657c693a313731393439323533373b7265646972656374696f6e7c4e3b),
('dv8nf9ekimqq18vjhtqaqhaclkemv6an', '::1', 1719492690, 0x5f5f63695f6c6173745f726567656e65726174657c693a313731393439323533373b7265646972656374696f6e7c4e3b),
('40ujsghiailb57ch2r6ink9uud6tubp6', '::1', 1719493118, 0x5f5f63695f6c6173745f726567656e65726174657c693a313731393439333131383b7265646972656374696f6e7c4e3b),
('v5ui61appjhcg0ir1n67d4hrjob2kkhq', '::1', 1719493377, 0x5f5f63695f6c6173745f726567656e65726174657c693a313731393439333131383b7265646972656374696f6e7c4e3b),
('l9soe0hkmnm9j0rnoq1a05gq33v34e2p', '::1', 1719583961, 0x5f5f63695f6c6173745f726567656e65726174657c693a313731393538333936313b7265646972656374696f6e7c4e3b5f5f4143544956455f53455353494f4e5f444154417c733a3235363a2238613333653761386465633338636463363334633734393037346363343330656161343738336361313434316266316435336661666437356136376631373561666330333633393563356561323339373163633136333165313937613133653639663461333566643833353463333932393932626561613739363765323737395176693343696b3261436938674973304a4f63614e3075445a5a64465061492b387a427a746d4b794b495077537633644d74624c7a3139677a462f66457555575448705838734157754570516837746b646e32594a535a30703770422f65325a576a422f494133356d726772572b3863466853766e744433475a7377496f546a223b),
('3ane6fgr1mls91d1ahacuhosbetk3qrg', '::1', 1719585204, 0x5f5f63695f6c6173745f726567656e65726174657c693a313731393538353230343b7265646972656374696f6e7c4e3b5f5f4143544956455f53455353494f4e5f444154417c733a3235363a22386263623966626239303932616435363234616330623431623637363139323032393138323262383936303137613130656134663832633535623734383365623733333762323938666138666563356431336339616463316164646666653461626433333135636465313261303765366633663032623863666632333436393945566943355243576f736a7368495a624c6b33646b3642434f5739344e7878397a6b39377356452f4c596d51387a64324e4a6b4f53376d6651613847703063416d7459487333697274755a455a4e744f785668596551766e6153452b66567956587a4b303053736b5263754a616f6b4a4a7a3567785153324339577876356852223b),
('1h2f7p9asjt90h8d8uijgda6odocvd5b', '::1', 1719585204, 0x5f5f63695f6c6173745f726567656e65726174657c693a313731393538353230343b7265646972656374696f6e7c4e3b5f5f4143544956455f53455353494f4e5f444154417c733a3235363a22386263623966626239303932616435363234616330623431623637363139323032393138323262383936303137613130656134663832633535623734383365623733333762323938666138666563356431336339616463316164646666653461626433333135636465313261303765366633663032623863666632333436393945566943355243576f736a7368495a624c6b33646b3642434f5739344e7878397a6b39377356452f4c596d51387a64324e4a6b4f53376d6651613847703063416d7459487333697274755a455a4e744f785668596551766e6153452b66567956587a4b303053736b5263754a616f6b4a4a7a3567785153324339577876356852223b);

-- --------------------------------------------------------

--
-- Struktur dari tabel `contacts`
--

CREATE TABLE `contacts` (
  `id` int(10) NOT NULL,
  `parent_id` int(10) DEFAULT NULL,
  `name` varchar(32) NOT NULL,
  `subject` varchar(128) DEFAULT NULL,
  `email` varchar(64) NOT NULL,
  `message` mediumtext NOT NULL,
  `contact_date` datetime DEFAULT NULL,
  `status` tinyint(1) DEFAULT 1,
  `reply_at` datetime DEFAULT NULL
) ENGINE=InnoDB DEFAULT CHARSET=utf8mb4;

--
-- Dumping data untuk tabel `contacts`
--

INSERT INTO `contacts` (`id`, `parent_id`, `name`, `subject`, `email`, `message`, `contact_date`, `status`, `reply_at`) VALUES
(1, NULL, 'Agung Tri Saputra', 'Pengiriman kok lama?', 'martinms.za@gmail.com', 'pengiriman pesanan saya kok lama ya', '2020-03-29 07:40:13', 2, NULL),
(3, NULL, '<div style=', 'hallo', 'admintokobuah@gmail.com', 'pesan 2', '2024-06-18 11:31:48', 1, NULL);

-- --------------------------------------------------------

--
-- Struktur dari tabel `coupons`
--

CREATE TABLE `coupons` (
  `id` bigint(20) NOT NULL,
  `name` varchar(191) NOT NULL,
  `code` varchar(32) NOT NULL,
  `credit` decimal(8,2) NOT NULL,
  `start_date` date NOT NULL,
  `expired_date` date NOT NULL,
  `is_active` tinyint(4) DEFAULT 1
) ENGINE=InnoDB DEFAULT CHARSET=utf8mb4;

--
-- Dumping data untuk tabel `coupons`
--

INSERT INTO `coupons` (`id`, `name`, `code`, `credit`, `start_date`, `expired_date`, `is_active`) VALUES
(1, '#DiRumahAja', 'DIRUMAHAJA19', '5000.00', '2020-03-27', '2020-04-03', 1);

-- --------------------------------------------------------

--
-- Struktur dari tabel `customers`
--

CREATE TABLE `customers` (
  `id` bigint(20) NOT NULL,
  `user_id` bigint(20) UNSIGNED DEFAULT NULL,
  `name` varchar(191) NOT NULL,
  `phone_number` varchar(32) DEFAULT NULL,
  `address` varchar(191) NOT NULL,
  `profile_picture` varchar(191) DEFAULT NULL
) ENGINE=InnoDB DEFAULT CHARSET=utf8mb4;

--
-- Dumping data untuk tabel `customers`
--

INSERT INTO `customers` (`id`, `user_id`, `name`, `phone_number`, `address`, `profile_picture`) VALUES
(13, 15, 'Enjelika ', '098765432112', 'indonesia', NULL),
(14, 16, 'Fulandia', '089876543210', 'Indonesia', NULL),
(15, 17, 'COCONUT SHELL', '121212112345', 'indonesia', NULL);

-- --------------------------------------------------------

--
-- Struktur dari tabel `orders`
--

CREATE TABLE `orders` (
  `id` bigint(20) NOT NULL,
  `user_id` bigint(20) UNSIGNED DEFAULT NULL,
  `coupon_id` bigint(20) DEFAULT NULL,
  `order_number` varchar(16) NOT NULL,
  `order_status` enum('1','2','3','4','5') DEFAULT '1',
  `order_date` datetime NOT NULL,
  `total_price` decimal(8,2) DEFAULT NULL,
  `total_items` int(10) DEFAULT NULL,
  `payment_method` int(11) DEFAULT 1,
  `delivery_data` text DEFAULT NULL,
  `delivered_date` datetime DEFAULT NULL,
  `finish_date` datetime DEFAULT NULL
) ENGINE=InnoDB DEFAULT CHARSET=utf8mb4;

--
-- Dumping data untuk tabel `orders`
--

INSERT INTO `orders` (`id`, `user_id`, `coupon_id`, `order_number`, `order_status`, `order_date`, `total_price`, `total_items`, `payment_method`, `delivery_data`, `delivered_date`, `finish_date`) VALUES
(12, 8, NULL, 'IUK26102018329', '2', '2020-10-26 07:09:37', '18000.00', 1, 1, '{\"customer\":{\"name\":\"Pembeli1\",\"phone_number\":\"087741130522\",\"address\":\"Jln. Merdeka Barat- Jakarta Indonesia\"},\"note\":\"\\u30a2\\u30ea\\u30d5\\u3055\\u3093\\r\\n\\r\\n28\\u65e5\\u3067\\u3057\\u305f\\u3089\\u30a4\\u30f3\\u30c9\\u30cd\\u30b7\\u30a2\\u6642\\u9593\\u306713\\u6642\\uff5e14\\u6642\\u306a\\u3089\\r\\n\\u30df\\u30fc\\u30c6\\u30a3\\u30f3\\u30b0\\u3067\\u304d\\u307e\\u3059\\u3002\\r\\n28\\u65e5\\u306b\\u30b7\\u30e3\\u30ea\\u3055\\u3093\\u30fb\\u30b5\\u30d2\\u30c9\\u3055\\u3093\\u306f\\u5927\\u4e08\\u592b\\u3067\\u3059\\u304b\\uff1f\\r\\n\\r\\n\\u576a\\u4e95\\r\\n\"}', NULL, NULL),
(13, 10, NULL, 'PNL261020110401', '2', '2020-10-26 07:16:25', '30000.00', 1, 1, '{\"customer\":{\"name\":\"Pembeli2\",\"phone_number\":\"087741160520\",\"address\":\"Jln. Merdeka Barat- Jakarta Indonesia\"},\"note\":\"Segera Dikrim Ya Admin\"}', NULL, NULL),
(14, 11, NULL, 'ASV261020111546', '3', '2020-10-26 08:37:53', '60000.00', 1, 1, '{\"customer\":{\"name\":\"Pembeli4\",\"phone_number\":\"0870000000\",\"address\":\"Jln.Merdeka Barat - Jakarta\"},\"note\":\"Tolong Dikirim Sesuai Pesanan ya Ka..\"}', NULL, NULL),
(15, 15, NULL, 'LJY23624115967', '1', '2024-06-23 12:32:43', '20000.00', 1, 2, '{\"customer\":{\"name\":\"jejejejeje\",\"phone_number\":\"098765432112\",\"address\":\"indonesia\"},\"note\":\"\"}', NULL, NULL),
(16, 16, NULL, 'RIU25624116465', '3', '2024-06-25 16:57:21', '40000.00', 1, 2, '{\"customer\":{\"name\":\"Fulandia\",\"phone_number\":\"089876543210\",\"address\":\"Indonesia\"},\"note\":\"\"}', NULL, NULL);

-- --------------------------------------------------------

--
-- Struktur dari tabel `order_item`
--

CREATE TABLE `order_item` (
  `id` bigint(20) NOT NULL,
  `order_id` bigint(20) DEFAULT NULL,
  `product_id` bigint(20) DEFAULT NULL,
  `order_qty` int(10) NOT NULL,
  `order_price` decimal(8,2) DEFAULT NULL
) ENGINE=InnoDB DEFAULT CHARSET=utf8mb4;

--
-- Dumping data untuk tabel `order_item`
--

INSERT INTO `order_item` (`id`, `order_id`, `product_id`, `order_qty`, `order_price`) VALUES
(3, 4, 2, 1, '31000.00'),
(4, 4, 8, 13, '20000.00'),
(5, 5, 2, 1, '31000.00'),
(6, 5, 13, 12, '20000.00'),
(7, 6, 9, 10, '35000.00'),
(8, 7, 10, 1, '12000.00'),
(9, 7, 9, 1, '35000.00'),
(10, 7, 2, 1, '31000.00'),
(11, 8, 9, 1, '35000.00'),
(12, 8, 1, 5, '65000.00'),
(14, 12, 2, 1, '13000.00'),
(15, 13, 5, 3, '10000.00'),
(16, 14, 1, 3, '20000.00'),
(17, 15, 15, 1, '20000.00'),
(18, 16, 15, 2, '20000.00');

-- --------------------------------------------------------

--
-- Struktur dari tabel `payments`
--

CREATE TABLE `payments` (
  `id` bigint(20) NOT NULL,
  `order_id` bigint(20) DEFAULT NULL,
  `payment_price` decimal(8,2) DEFAULT NULL,
  `payment_date` datetime NOT NULL,
  `picture_name` varchar(191) DEFAULT NULL,
  `payment_status` enum('1','2','3') DEFAULT '1',
  `confirmed_date` datetime DEFAULT NULL,
  `payment_data` text DEFAULT NULL
) ENGINE=InnoDB DEFAULT CHARSET=utf8mb4;

--
-- Dumping data untuk tabel `payments`
--

INSERT INTO `payments` (`id`, `order_id`, `payment_price`, `payment_date`, `picture_name`, `payment_status`, `confirmed_date`, `payment_data`) VALUES
(6, 12, '40000.00', '2020-10-26 07:13:04', 'Tak_berjudul31_20201026111339.jpg', '1', NULL, '{\"transfer_to\":\"mandiri\",\"source\":{\"bank\":\"Mandiri\",\"name\":\"Pembeli1\",\"number\":\"0987654321\"}}'),
(7, 13, '30000.00', '2020-10-26 07:16:59', 'Tak_berjudul31_20201026111236.jpg', '1', NULL, '{\"transfer_to\":\"bca\",\"source\":{\"bank\":\"BCA\",\"name\":\"Pembeli2\",\"number\":\"1122334455\"}}'),
(8, 14, '60000.00', '2020-10-26 08:38:26', 'Bukti_Transfer.jpg', '2', NULL, '{\"transfer_to\":\"mandiri\",\"source\":{\"bank\":\"Mandiri\",\"name\":\"Pembeli4\",\"number\":\"123456789\"}}');

-- --------------------------------------------------------

--
-- Struktur dari tabel `products`
--

CREATE TABLE `products` (
  `id` bigint(20) NOT NULL,
  `category_id` int(10) DEFAULT NULL,
  `sku` varchar(32) DEFAULT NULL,
  `name` varchar(191) NOT NULL,
  `description` varchar(191) DEFAULT NULL,
  `picture_name` varchar(191) DEFAULT NULL,
  `price` decimal(8,2) NOT NULL,
  `current_discount` decimal(8,2) DEFAULT 0.00,
  `stock` int(10) NOT NULL,
  `product_unit` varchar(32) DEFAULT NULL,
  `is_available` tinyint(1) DEFAULT 1,
  `add_date` datetime DEFAULT NULL
) ENGINE=InnoDB DEFAULT CHARSET=utf8mb4;

--
-- Dumping data untuk tabel `products`
--

INSERT INTO `products` (`id`, `category_id`, `sku`, `name`, `description`, `picture_name`, `price`, `current_discount`, `stock`, `product_unit`, `is_available`, `add_date`) VALUES
(15, 1, 'MKKO25873', 'Minyak Kelapa', NULL, 'minyak_kelapa.jpg', '20000.00', '0.00', 5, '1', 1, '2024-06-09 17:11:13'),
(16, 1, 'KKO2200567', 'kelapa', NULL, 'coco_nut.jpg', '25000.00', '0.00', 200, '10000', 1, '2024-06-25 16:59:27');

-- --------------------------------------------------------

--
-- Struktur dari tabel `product_category`
--

CREATE TABLE `product_category` (
  `id` int(10) NOT NULL,
  `name` varchar(191) NOT NULL
) ENGINE=InnoDB DEFAULT CHARSET=utf8mb4;

--
-- Dumping data untuk tabel `product_category`
--

INSERT INTO `product_category` (`id`, `name`) VALUES
(1, 'KELAPA ORGANIK'),
(2, 'ARANG KELAPA');

-- --------------------------------------------------------

--
-- Struktur dari tabel `reviews`
--

CREATE TABLE `reviews` (
  `id` bigint(20) NOT NULL,
  `user_id` bigint(20) UNSIGNED DEFAULT NULL,
  `order_id` bigint(20) DEFAULT NULL,
  `title` varchar(191) DEFAULT NULL,
  `review_text` mediumtext NOT NULL,
  `review_date` datetime NOT NULL,
  `status` tinyint(1) NOT NULL DEFAULT 1
) ENGINE=InnoDB DEFAULT CHARSET=utf8mb4;

--
-- Dumping data untuk tabel `reviews`
--

INSERT INTO `reviews` (`id`, `user_id`, `order_id`, `title`, `review_text`, `review_date`, `status`) VALUES
(3, 7, 5, 'Kelapa Berkualitas', 'Kelapa segar dan kualitasnya sangat bagus', '2020-03-30 08:33:10', 1),
(4, 8, 12, 'Ekspor Kelapa', 'Sangat Puas Dengan Pelaynan dan Produknya Segar Semua', '2020-10-26 07:13:38', 1),
(5, 10, 13, 'Ekspor Kelapa', 'Pesanan Dikrim Tepat Waktu dan Kualitas Segar Segar', '2020-10-26 07:17:35', 1),
(7, 16, 16, 'mantap', 'kelapa masih segar', '2024-06-25 17:02:40', 1);

-- --------------------------------------------------------

--
-- Struktur dari tabel `roles`
--

CREATE TABLE `roles` (
  `id` int(10) NOT NULL,
  `role_name` varchar(191) NOT NULL
) ENGINE=InnoDB DEFAULT CHARSET=utf8mb4;

--
-- Dumping data untuk tabel `roles`
--

INSERT INTO `roles` (`id`, `role_name`) VALUES
(1, 'Admin'),
(2, 'Customer');

-- --------------------------------------------------------

--
-- Struktur dari tabel `settings`
--

CREATE TABLE `settings` (
  `id` int(10) NOT NULL,
  `key` varchar(32) NOT NULL,
  `content` varchar(191) NOT NULL
) ENGINE=InnoDB DEFAULT CHARSET=utf8mb4;

--
-- Dumping data untuk tabel `settings`
--

INSERT INTO `settings` (`id`, `key`, `content`) VALUES
(1, 'current_theme_name', 'vegefoods'),
(2, 'store_name', 'Ekspor'),
(3, 'store_phone_number', '02100110003'),
(4, 'store_email', 'armatjuang@gmail.com'),
(5, 'store_tagline', 'TOP QUALITY PRODUCT'),
(6, 'store_logo', 'Logo.png'),
(7, 'max_product_image_size', '20000'),
(8, 'store_description', 'Pelanggan sangat berharga, dan jika mereka puas, mereka akan terus menjadi pelanggan.\r\n'),
(9, 'store_address', 'Batam'),
(10, 'min_shop_to_free_shipping_cost', '20000'),
(11, 'shipping_cost', '5000'),
(12, 'payment_banks', '{\"mandiri\":{\"bank\":\"Mandiri\",\"number\":\"1234567890\",\"name\":\"Toko Buah Segar\"},\"bca\":{\"bank\":\"BCA\",\"number\":\"0987654321\",\"name\":\"Toko Buah Segar\"}}');

-- --------------------------------------------------------

--
-- Struktur dari tabel `users`
--

CREATE TABLE `users` (
  `id` bigint(20) UNSIGNED NOT NULL,
  `name` varchar(50) COLLATE utf8mb4_unicode_ci DEFAULT NULL,
  `email` varchar(191) COLLATE utf8mb4_unicode_ci NOT NULL,
  `email_verified_at` timestamp NULL DEFAULT NULL,
  `username` varchar(16) COLLATE utf8mb4_unicode_ci NOT NULL,
  `password` varchar(191) COLLATE utf8mb4_unicode_ci NOT NULL,
  `profile_picture` varchar(128) COLLATE utf8mb4_unicode_ci DEFAULT NULL,
  `role_id` int(10) DEFAULT 0,
  `register_date` datetime DEFAULT NULL
) ENGINE=InnoDB DEFAULT CHARSET=utf8mb4 COLLATE=utf8mb4_unicode_ci;

--
-- Dumping data untuk tabel `users`
--

INSERT INTO `users` (`id`, `name`, `email`, `email_verified_at`, `username`, `password`, `profile_picture`, `role_id`, `register_date`) VALUES
(7, 'Admin Ekspor Kelapa', 'admintokobuah@gmail.com', NULL, 'admin', '$2y$10$8g/ydMjIkk4RDX06gUPQS.RCo/lAQujaz4kFvnq1J.0i.8nK9OYAS', '0919f092a8487492631bc84b592a4b0a_icon-wajah1.png', 1, '2020-03-29 08:14:30'),
(8, NULL, 'pembeli@gmail.com', NULL, 'user1', '$2y$10$chkZ5TH8JoBetrJYsujw9eHTSgnp1iLG492o99duNcoYGIVGYP8Lu', NULL, 2, '2020-10-26 06:58:43'),
(10, NULL, 'pembeli2@gmail.com', NULL, 'user2', '$2y$10$BxWbJrsGG.grhKvrNQ6XvOU5lTPARmLOo58Rwuws1kFlze3r4YR1.', NULL, 2, '2020-10-26 07:15:59'),
(11, NULL, 'pembeli4@gmail.com', NULL, 'user4', '$2y$10$P25c7AP7HzotHYvRCvi8XukFH/wKW/IR0uBbOM9pPBKAif8WrR.Iu', NULL, 2, '2020-10-26 08:37:06'),
(15, NULL, 'kjhgf@gmail.com', NULL, 'jejel', '$2y$10$bDqWDAE1qJYHT9c9GTNUpOyUa7jm4va98FobDytg6uFuWboVuxKQW', NULL, 2, '2024-06-23 12:27:53'),
(16, NULL, 'fulan@yahoo.com', NULL, 'Fulan', '$2y$10$g0n1VWnITnS8NSRDoNRpL.drnli82qcbQKpRau8kyBjNfGPSRpK2W', NULL, 2, '2024-06-25 16:54:56'),
(17, NULL, 'andhika6@gmail.com', NULL, 'enjelikas', '$2y$10$fV7bmwSmHhsP0E3gmurUMOULL7FiPnCfbmlQ/KV/26UjB1859P82a', NULL, 2, '2024-06-28 16:13:39');

--
-- Indexes for dumped tables
--

--
-- Indeks untuk tabel `ci_sessions`
--
ALTER TABLE `ci_sessions`
  ADD KEY `ci_sessions_timestamp` (`timestamp`);

--
-- Indeks untuk tabel `contacts`
--
ALTER TABLE `contacts`
  ADD PRIMARY KEY (`id`),
  ADD KEY `FK_contacts_contacts` (`parent_id`);

--
-- Indeks untuk tabel `coupons`
--
ALTER TABLE `coupons`
  ADD PRIMARY KEY (`id`);

--
-- Indeks untuk tabel `customers`
--
ALTER TABLE `customers`
  ADD PRIMARY KEY (`id`),
  ADD KEY `FK_customers_users` (`user_id`);

--
-- Indeks untuk tabel `orders`
--
ALTER TABLE `orders`
  ADD PRIMARY KEY (`id`),
  ADD KEY `FK_orders_users` (`user_id`),
  ADD KEY `FK_orders_coupons` (`coupon_id`);

--
-- Indeks untuk tabel `order_item`
--
ALTER TABLE `order_item`
  ADD PRIMARY KEY (`id`),
  ADD KEY `order_id` (`order_id`),
  ADD KEY `product_id` (`product_id`);

--
-- Indeks untuk tabel `payments`
--
ALTER TABLE `payments`
  ADD PRIMARY KEY (`id`),
  ADD KEY `order_id` (`order_id`);

--
-- Indeks untuk tabel `products`
--
ALTER TABLE `products`
  ADD PRIMARY KEY (`id`),
  ADD KEY `FK_products_product_category` (`category_id`);

--
-- Indeks untuk tabel `product_category`
--
ALTER TABLE `product_category`
  ADD PRIMARY KEY (`id`);

--
-- Indeks untuk tabel `reviews`
--
ALTER TABLE `reviews`
  ADD PRIMARY KEY (`id`),
  ADD KEY `FK_reviews_users` (`user_id`),
  ADD KEY `FK_reviews_orders` (`order_id`);

--
-- Indeks untuk tabel `roles`
--
ALTER TABLE `roles`
  ADD PRIMARY KEY (`id`);

--
-- Indeks untuk tabel `settings`
--
ALTER TABLE `settings`
  ADD PRIMARY KEY (`id`) USING BTREE;

--
-- Indeks untuk tabel `users`
--
ALTER TABLE `users`
  ADD PRIMARY KEY (`id`) USING BTREE,
  ADD UNIQUE KEY `users_email_unique` (`email`) USING BTREE,
  ADD KEY `role_id` (`role_id`);

--
-- AUTO_INCREMENT untuk tabel yang dibuang
--

--
-- AUTO_INCREMENT untuk tabel `contacts`
--
ALTER TABLE `contacts`
  MODIFY `id` int(10) NOT NULL AUTO_INCREMENT, AUTO_INCREMENT=4;

--
-- AUTO_INCREMENT untuk tabel `coupons`
--
ALTER TABLE `coupons`
  MODIFY `id` bigint(20) NOT NULL AUTO_INCREMENT, AUTO_INCREMENT=4;

--
-- AUTO_INCREMENT untuk tabel `customers`
--
ALTER TABLE `customers`
  MODIFY `id` bigint(20) NOT NULL AUTO_INCREMENT, AUTO_INCREMENT=16;

--
-- AUTO_INCREMENT untuk tabel `orders`
--
ALTER TABLE `orders`
  MODIFY `id` bigint(20) NOT NULL AUTO_INCREMENT, AUTO_INCREMENT=17;

--
-- AUTO_INCREMENT untuk tabel `order_item`
--
ALTER TABLE `order_item`
  MODIFY `id` bigint(20) NOT NULL AUTO_INCREMENT, AUTO_INCREMENT=19;

--
-- AUTO_INCREMENT untuk tabel `payments`
--
ALTER TABLE `payments`
  MODIFY `id` bigint(20) NOT NULL AUTO_INCREMENT, AUTO_INCREMENT=9;

--
-- AUTO_INCREMENT untuk tabel `products`
--
ALTER TABLE `products`
  MODIFY `id` bigint(20) NOT NULL AUTO_INCREMENT, AUTO_INCREMENT=17;

--
-- AUTO_INCREMENT untuk tabel `product_category`
--
ALTER TABLE `product_category`
  MODIFY `id` int(10) NOT NULL AUTO_INCREMENT, AUTO_INCREMENT=13;

--
-- AUTO_INCREMENT untuk tabel `reviews`
--
ALTER TABLE `reviews`
  MODIFY `id` bigint(20) NOT NULL AUTO_INCREMENT, AUTO_INCREMENT=8;

--
-- AUTO_INCREMENT untuk tabel `roles`
--
ALTER TABLE `roles`
  MODIFY `id` int(10) NOT NULL AUTO_INCREMENT, AUTO_INCREMENT=3;

--
-- AUTO_INCREMENT untuk tabel `settings`
--
ALTER TABLE `settings`
  MODIFY `id` int(10) NOT NULL AUTO_INCREMENT, AUTO_INCREMENT=13;

--
-- AUTO_INCREMENT untuk tabel `users`
--
ALTER TABLE `users`
  MODIFY `id` bigint(20) UNSIGNED NOT NULL AUTO_INCREMENT, AUTO_INCREMENT=18;

--
-- Ketidakleluasaan untuk tabel pelimpahan (Dumped Tables)
--

--
-- Ketidakleluasaan untuk tabel `contacts`
--
ALTER TABLE `contacts`
  ADD CONSTRAINT `FK_contacts_contacts` FOREIGN KEY (`parent_id`) REFERENCES `contacts` (`id`) ON DELETE CASCADE ON UPDATE NO ACTION;

--
-- Ketidakleluasaan untuk tabel `customers`
--
ALTER TABLE `customers`
  ADD CONSTRAINT `FK_customers_users` FOREIGN KEY (`user_id`) REFERENCES `users` (`id`) ON DELETE NO ACTION ON UPDATE CASCADE;

--
-- Ketidakleluasaan untuk tabel `orders`
--
ALTER TABLE `orders`
  ADD CONSTRAINT `FK_orders_coupons` FOREIGN KEY (`coupon_id`) REFERENCES `coupons` (`id`) ON DELETE SET NULL ON UPDATE CASCADE,
  ADD CONSTRAINT `FK_orders_users` FOREIGN KEY (`user_id`) REFERENCES `users` (`id`) ON DELETE NO ACTION ON UPDATE CASCADE;

--
-- Ketidakleluasaan untuk tabel `payments`
--
ALTER TABLE `payments`
  ADD CONSTRAINT `FK_payments_orders` FOREIGN KEY (`order_id`) REFERENCES `orders` (`id`) ON DELETE NO ACTION ON UPDATE NO ACTION;
COMMIT;

/*!40101 SET CHARACTER_SET_CLIENT=@OLD_CHARACTER_SET_CLIENT */;
/*!40101 SET CHARACTER_SET_RESULTS=@OLD_CHARACTER_SET_RESULTS */;
/*!40101 SET COLLATION_CONNECTION=@OLD_COLLATION_CONNECTION */;
